日期,平均氣溫,最高氣溫,最高日期,最低氣溫,最低日期
2010-05,25.3,34.5,2010-05-23,18.4,2010-05-30
2011-05,25.5,34.8,2011-05-19,18.7,2011-05-10
2012-05,25.9,35.9,2012-05-01,19.3,2012-05-06
2013-05,26.0,36.1,2013-05-30,14.4,2013-05-01
2014-05,25.2,35.6,2014-05-14,15.1,2014-05-06
2015-05,26.1,36.5,2015-05-30,18.1,2015-05-05
2016-05,27.1,37.3,2016-05-31,19.0,2016-05-17
2017-05,25.6,35.0,2017-05-11,19.7,2017-05-27
2018-05,28.2,38.2,2018-05-27,20.0,2018-05-03
2019-05,25.0,35.1,2019-05-19,17.9,2019-05-07
2020-05,26.9,36.6,2020-05-09,21.8,2020-05-19
2021-05,28.2,38.2,2021-05-28,19.8,2021-05-05
2022-05,23.4,33.6,2022-05-29,15.1,2022-05-02
2023-05,25.8,35.0,2023-05-22,18.6,2023-05-08
2024-05,25.4,33.6,2024-05-12,16.7,2024-05-13
2025-05,26.0,34.7,2025-05-23,17.3,2025-05-26
2026-05,24.3,33.6,2026-05-14,17.9,2026-05-03
